,Drought,moisture,pH,TOC,TN,NH4.N,NO3.N,FlTotl,FlC3,X16S,ITS,X18S,B.PC1,F.PC1,P.PC1,Carbon.degradation,Carbon.Fixation,Denitrification,Ammonification,ER,GPP,Autotrophic,Heterotrophic,total_soil_respiration
N03,0,9.231022532,6.376666667,0.720333333,0.084833333,2.77,8.515,252.0826427,188.5812749,0.055527168,0.313614787,-0.183461938,0.063757051,0.04972254,0.106915427,116109.1564,243537.941,27184.00423,56566.04482,4.335950026,6.46601587616667,1.349936343,1.384379629,2.734315972
N06,0,7.550691513,6.06,0.773,0.0915,3.468333333,17.62333333,298.8134734,244.0436747,-0.504788198,-0.083892624,-0.228005394,0.051966797,0.001084273,0.040657682,119670.2747,239281.1252,26578.10108,55547.1268,3.405290845,5.48760648266667,1.665077546,1.012763889,2.677841435
N08,1,8.31484105,6.223333333,1.249333333,0.127833333,5.278333333,32.04833333,335.7517575,190.7505517,-0.306197313,-0.674337142,-0.146454695,0.020118953,0.004082707,-0.001763259,110512.7095,232793.9489,27080.93758,58979.67172,3.88593324383333,5.65078546466667,1.372373843,1.409548611,2.781922454
N11,1,7.158439815,6.43,0.884333333,0.097166667,3.641666667,18.685,308.1608874,183.7230026,-0.214931097,-0.137909474,-0.323813638,0.033868771,0.068858928,0.033952356,109750.2394,234108.7041,27101.71868,57126.98508,3.840479107,6.38300583633333,1.610819444,1.744328704,3.355148148
N13,1,7.471296451,6.313333333,1.316333333,0.131833333,4.76,15.84666667,271.3108397,166.8719274,-0.322068028,-0.378992353,-0.233368953,-0.121087785,-0.086445535,-0.142614716,115021.5518,240880.6316,27372.75498,58017.95538,4.2066318,6.26042992566667,1.109760417,1.745717014,2.855477431
N19,0,7.856449229,6.246666667,1.061166667,0.110166667,3.511666667,17.73,340.2240051,209.3133286,-0.49570828,-0.185016706,-0.08726572,0.058135535,0.095327679,0.034378496,117592.7671,245218.4991,27275.47435,55328.45658,5.04433761733333,6.654699144,1.506612847,1.865283565,3.371896412
N23,0,9.101103703,6.208333333,1.208833333,0.115,5.126666667,10.055,341.9425487,286.7971809,0.016424697,-0.274049645,-0.128400599,-0.0367677,-0.124893417,-0.052479713,118845.7509,242218.2605,27718.55383,55231.91088,4.21890781933333,6.08222724966667,1.077843171,2.067796296,3.145639468
N24,1,5.68432855,6.473333333,1.302666667,0.1255,4.731666667,15.87333333,327.8641346,208.5031267,-0.467560138,-0.336887216,-0.901282821,-0.069991621,-0.007737175,-0.019046274,110724.0684,239416.1147,27719.6596,58552.00642,4.33800978266667,6.33720635766667,0.884123843,1.877109375,2.761233218
