,Drought,Temperature,moisture,pH,TOC,TN,NH4.N,NO3.N,FlTotl,FlC3,PR,X16S,ITS,X18S,B.PC1,F.PC1,P.PC1,Carbon.degradation,Carbon.Fixation,Nitrification,Assimilatory.N .reduction,Dissimilatory.N.reduction,Stress,ER,NEE
N03,0,17.22600499,12.5203984,6.376666667,0.720333333,0.084833333,2.77,8.515,252.0826427,188.5812749,5.333333333,6571.333333,407.1666667,478,1.94068674,1.104374153,-0.182178475,177878.4008,178459.163,6258.702167,5311.470333,8874.782067,30070.39875,4.335950026,2.13006585
N06,0,17.55189328,12.13646845,6.06,0.773,0.0915,3.468333333,17.62333333,298.8134734,244.0436747,4.666666667,6226.166667,367.5,487,1.631827095,0.809082243,0.337383469,180168.4801,174300.9011,6399.180833,5979.568733,9375.8824,27968.4487,3.405290845,2.082315638
N08,1,17.80869157,11.72967339,6.223333333,1.249333333,0.127833333,5.278333333,32.04833333,335.7517575,190.7505517,5,6375.5,378.3333333,524.5,0.558744889,0.596977108,0.430306972,172853.961,170592.4737,5958.9875,4858.817,7770.228183,32534.2183,3.885933244,1.764852221
N11,1,17.94984147,12.08092756,6.43,0.884333333,0.097166667,3.641666667,18.685,308.1608874,183.7230026,4.5,6442.833333,394.3333333,477.5,0.351354945,0.834808918,0.056911191,171659.0567,172987.345,5690.2785,5088.604333,7527.33045,34581.4316,3.840479107,2.54252673
N13,1,17.11162967,11.55947175,6.313333333,1.316333333,0.131833333,4.76,15.84666667,271.3108397,166.8719274,5.666666667,6502.333333,406.5,487.6666667,-3.410259944,-0.838339396,0.042138662,174863.2403,176811.1494,5957.296167,5014.2495,7989.977,37407.78577,4.2066318,2.053798125
N19,0,16.88876202,12.42636984,6.246666667,1.061166667,0.110166667,3.511666667,17.73,340.2240051,209.3133286,4.5,6416.166667,456.5,516,1.032281995,-0.731326451,-0.501684308,179278.0551,178267.3581,6497.948167,5172.161667,9298.1132,29127.82583,5.044337617,1.610361527
N23,0,17.19677926,12.8070795,6.208333333,1.208833333,0.115,5.126666667,10.055,341.9425487,286.7971809,3.833333333,6263.666667,401.1666667,461,-0.574161196,-0.82856544,-0.569701973,177659.6475,177523.5166,6318.018667,5828.482833,8254.674833,31963.26228,4.218907819,1.86331943
N24,1,16.95412388,11.73121294,6.473333333,1.302666667,0.1255,4.731666667,15.87333333,327.8641346,208.5031267,4.833333333,6032.833333,409.6666667,459.5,-1.530474524,-0.947011135,0.386824462,174635.8841,179840.3512,5621.245833,4962.016667,7596.284583,36904.0041,4.338009783,1.999196575
